[
  {
    "Id": "1318086",
    "ThreadId": "571030",
    "Html": ":( so creep<br />\n",
    "PostedDate": "2014-10-31T14:05:11.643-07:00",
    "UserRole": null,
    "MarkedAsAnswerDate": null
  },
  {
    "Id": "1318087",
    "ThreadId": "571030",
    "Html": "I want to use it, and I'm wondering why there is no normal downlad/dependency management for this library?\r<br />\nIt makes no sense all this *t.<br />\n",
    "PostedDate": "2014-10-31T14:06:35.837-07:00",
    "UserRole": null,
    "MarkedAsAnswerDate": null
  }
]