[
  {
    "Id": "571030",
    "Title": "Why there is no normal download for library only?",
    "LatestDate": "2014-10-31T14:06:35.837-07:00"
  },
  {
    "Id": "638988",
    "Title": "Can't find BolapanControl ",
    "LatestDate": "2015-05-31T21:36:30.55-07:00"
  },
  {
    "Id": "639957",
    "Title": "GPL",
    "LatestDate": "2015-06-15T02:17:47.81-07:00"
  },
  {
    "Id": "648824",
    "Title": "MultiBinding",
    "LatestDate": "2015-12-16T02:08:47.357-08:00"
  },
  {
    "Id": "661224",
    "Title": "Where can i download the dll file for Item filter to use in my wpf project ?",
    "LatestDate": "2017-02-08T07:40:30.743-08:00"
  }
]