{
  "WorkItem": {
    "AffectedComponent": {
      "Name": "",
      "DisplayName": ""
    },
    "ClosedComment": "",
    "ClosedDate": null,
    "CommentCount": 0,
    "Custom": null,
    "Description": "In case of using ItemsFilter proeprty, when i am using it for more than one column, at that time when i filtered some  values in one column and goes to filter of other column , it  shows all the values for that particular column instead of showing only values that are currently user can see.. Does  anyhave extended this particular functionality in their project and second thing how user can clear all the filters in one go (clicking of specific button that can be added in popup ) ? \r\n\r\nPlease  suggest alternative way or implementation approach for the  specified two missing functionality in ItemsFilter .\r\n\r\nThanks in advance.",
    "LastUpdatedDate": "2015-09-24T02:16:36.37-07:00",
    "PlannedForRelease": "",
    "ReleaseVisibleToPublic": false,
    "Priority": {
      "Name": "Unassigned",
      "Severity": 0,
      "Id": 0
    },
    "ProjectName": "ItemsFilter",
    "ReportedDate": "2015-09-24T02:16:36.37-07:00",
    "Status": {
      "Name": "Proposed",
      "Id": 1
    },
    "ReasonClosed": {
      "Name": "Unassigned"
    },
    "Summary": "Not able to get excel like functionality",
    "Type": {
      "Name": "Unassigned",
      "Id": 5
    },
    "VoteCount": 1,
    "Id": 3
  },
  "FileAttachments": [],
  "Comments": []
}