{
  "WorkItem": {
    "AffectedComponent": {
      "Name": "",
      "DisplayName": ""
    },
    "ClosedComment": "",
    "ClosedDate": null,
    "CommentCount": 0,
    "Custom": null,
    "Description": "If you use GreaterOrEqualFilterInitializer or LessOrEqualFilterInitializer and write any character (not number) to the TextBox, you will get a FormatException, because of the SimplePropertyConverter.ConvertBack method. The default NullableConverter CanConvertFrom method returns true, if the source is Int32 and the target     value is String. Then the ConvertFrom method throws FormatException (Binding error).\r\n\r\nNormally the program doesn't exit, and the user can't see it, but we handle any of the unhandled exceptions in the app.xaml.cs, and the exception is shown our log files.\r\n\r\nThanks in advance!",
    "LastUpdatedDate": "2015-04-01T03:27:51.74-07:00",
    "PlannedForRelease": "",
    "ReleaseVisibleToPublic": false,
    "Priority": {
      "Name": "Unassigned",
      "Severity": 0,
      "Id": 0
    },
    "ProjectName": "ItemsFilter",
    "ReportedDate": "2015-04-01T03:22:23.377-07:00",
    "Status": {
      "Name": "Proposed",
      "Id": 1
    },
    "ReasonClosed": {
      "Name": "Unassigned"
    },
    "Summary": "SimplePropertyConverter.ConvertBack FormatException using GreaterOrEqualFilterInitializer or LessOrEqualFilterInitializer",
    "Type": {
      "Name": "Unassigned",
      "Id": 5
    },
    "VoteCount": 2,
    "Id": 2
  },
  "FileAttachments": [],
  "Comments": []
}