{
  "WorkItem": {
    "AffectedComponent": {
      "Name": "",
      "DisplayName": ""
    },
    "ClosedComment": "",
    "ClosedDate": null,
    "CommentCount": 2,
    "Custom": null,
    "Description": "The collection my DataGrid is bound to contains objects with child properties. Autofilter does not work for these child properties.\r\n\r\n```\r\n<DataGrid ItemsSource=\"{Binding Files}\" AutoGenerateColumns=\"False\">\r\n    <DataGrid.Columns>\r\n        <DataGridTextColumn Binding=\"{Binding ID}\" Header=\"Id\" />\r\n        <DataGridTextColumn Binding=\"{Binding Name}\" Header=\"Name\" />\r\n        <DataGridTextColumn Binding=\"{Binding Details.Size}\" Header=\"Size\" />\r\n    </DataGrid.Columns>\r\n</DataGrid>\r\n\r\n```\r\n\r\n![Image](https://www.codeplex.com/Download/AttachmentDownload.ashx?ProjectName=itemsfilter&WorkItemId=1&FileAttachmentId=1422643)\r\n\r\nWhen I use the following binding, the filter does work, but the grid shows an empty column because the binding is invalid:\r\n\r\n```\r\n<DataGridTextColumn Binding=\"{Binding Source=Details, Path=Size}\" Header=\"Size\" />\r\n```\r\n\r\nDo you know how to fix this issue?",
    "LastUpdatedDate": "2015-02-13T15:07:32.557-08:00",
    "PlannedForRelease": "",
    "ReleaseVisibleToPublic": false,
    "Priority": {
      "Name": "Unassigned",
      "Severity": 0,
      "Id": 0
    },
    "ProjectName": "ItemsFilter",
    "ReportedDate": "2015-01-23T09:42:02.173-08:00",
    "Status": {
      "Name": "Proposed",
      "Id": 1
    },
    "ReasonClosed": {
      "Name": "Unassigned"
    },
    "Summary": "Unable to bind columns to child property of an object",
    "Type": {
      "Name": "Unassigned",
      "Id": 5
    },
    "VoteCount": 2,
    "Id": 1
  },
  "FileAttachments": [
    {
      "FileId": 1422643,
      "FileName": "FilterMissing.png",
      "DownloadUrl": ".\\1422643"
    }
  ],
  "Comments": [
    {
      "Message": "I have been able to solve the problem partially using bsFilter:ColumnFilter.BindingPath property:\r\n\r\n```\r\n                <DataGridTextColumn Binding=\"{Binding Details.Size}\" Header=\"Size\" bsFilter:ColumnFilter.BindingPath=\"Size\" />\r\n\r\n```\r\n\r\nHowever, this does not seem to work when binding to Entity Framework objects.",
      "PostedDate": "2015-01-27T06:50:03.41-08:00",
      "Id": 170902
    },
    {
      "Message": "For complex binding, it is need to implement next (from v1.1.0.1): \n\n```\n  public class FileSizeFIM : BolapanControl.ItemsFilter.Initializer.FilterInitializersManager {\n        public FileSizeFIM() {\n            Add(new FileSizeValueFilterInitializer());\n            // Add other filter initializers there...\n        }\n    }\n    public class FileSizeValueFilterInitializer : BolapanControl.ItemsFilter.Initializer.FilterInitializer {\n        public override Filter NewFilter(BolapanControl.ItemsFilter.FilterPresenter filterPresenter, object key) {\n            if (key is string && (string)key == \"Details.Size\") {// from v1.1.0.1, key with \".\" pass to initializer\n                return new FileSizeValueFilter();\n            }\n            return null;\n        }\n    }\n    public class FileSizeValueFilter : RangeFilter<long> {\n        public FileSizeValueFilter() : base(FileSizeGetter) { }\n        private static long FileSizeGetter(object iFile) {\n            return ((File)iFile).Details.Size; // Get file size from item of collection\n        }\n    }\n```\n...\n```\n<DataGridTextColumn Binding=\"{Binding Source=Details, Path=Size}\" Header=\"Size\" >\n     <bsFilter:ColumnFilter.Initializers>\n            <vw:FileSizeFIM />\n      </bsFilter:ColumnFilter.Initializers>\n</DataGridTextColumn>\n```\nSee also binding to column \"Supplier\" in form ProductsView.xaml (v1.1.0.1) and file SupplierNameFIM.cs\n",
      "PostedDate": "2015-01-28T04:57:49.827-08:00",
      "Id": 170987
    }
  ]
}