[
  {
    "Id": "0",
    "Name": "ItemsFilter sample ver.1.0.0.80",
    "DevelopmentStatus": "Beta",
    "Description": "Sample of using ItemsFilter.",
    "ReleasedDatge": "0001-01-01T00:00:00",
    "ModifiedDate": "2013-11-07T09:15:52.537-08:00",
    "Files": [
      {
        "Id": "d35892ca-9d50-4c63-b169-57bca18a4b45",
        "FileName": "Northwind.NET.Sample ver.1.0.0.80.zip",
        "Url": "./0/d35892ca-9d50-4c63-b169-57bca18a4b45",
        "Type": "Application",
        "UploadDate": "2013-11-07T09:15:52.117-08:00"
      }
    ]
  },
  {
    "Id": "1",
    "Name": "ItemsFilter sample ver 1.1.0.1",
    "DevelopmentStatus": "Stable",
    "Description": "Added the capability to filter in a DataGrid column width complex property path binding (\"RelationName.PropertyName\").\nAdded an example how to enable this capability",
    "ReleasedDatge": "0001-01-01T00:00:00",
    "ModifiedDate": "2015-01-28T04:18:19.393-08:00",
    "Files": [
      {
        "Id": "211478f1-69f7-4360-a31c-e1af83dc7707",
        "FileName": "Northwind.NET.Sample ver.1.1.0.1.zip",
        "Url": "./1/211478f1-69f7-4360-a31c-e1af83dc7707",
        "Type": "Application",
        "UploadDate": "2015-01-28T04:18:18.74-08:00"
      }
    ]
  }
]