[
  {
    "Title": "Home",
    "Id": "808681",
    "ParentWikiTitle": "Home",
    "FileExtension": "html",
    "UpdatedDate": "2013-12-19T07:19:00.49-08:00",
    "FileAttachments": [
      {
        "Id": "1266b58c-e54d-454c-bb90-0e79892f4eaf",
        "FileName": "Pic1.gif",
        "DownloadUri": "./808681/1266b58c-e54d-454c-bb90-0e79892f4eaf"
      },
      {
        "Id": "5af92b37-a928-49b4-89e6-33ebda6252c3",
        "FileName": "Pic2.gif",
        "DownloadUri": "./808681/5af92b37-a928-49b4-89e6-33ebda6252c3"
      },
      {
        "Id": "fced713f-acaf-404e-88ff-42257d44b23b",
        "FileName": "Pic3.gif",
        "DownloadUri": "./808681/fced713f-acaf-404e-88ff-42257d44b23b"
      },
      {
        "Id": "ec94b3bf-023e-456d-86ae-39d8b76ea646",
        "FileName": "DonateForCoffee.png",
        "DownloadUri": "./808681/ec94b3bf-023e-456d-86ae-39d8b76ea646"
      }
    ]
  },
  {
    "Title": "Thank_for_donation",
    "Id": "800428",
    "ParentWikiTitle": "Home",
    "FileExtension": "html",
    "UpdatedDate": "2013-11-25T06:58:37.02-08:00",
    "FileAttachments": []
  },
  {
    "Title": "Documentation",
    "Id": "794623",
    "ParentWikiTitle": "Documentation",
    "FileExtension": "html",
    "UpdatedDate": "2013-11-08T23:20:28.483-08:00",
    "FileAttachments": []
  },
  {
    "Title": "Quick filter items in the TreeView.",
    "Id": "794622",
    "ParentWikiTitle": "Documentation",
    "FileExtension": "html",
    "UpdatedDate": "2013-11-08T23:17:44.76-08:00",
    "FileAttachments": [
      {
        "Id": "f0a3ff17-98f6-4da0-8bc7-99715818040b",
        "FileName": "Pic9.gif",
        "DownloadUri": "./794622/f0a3ff17-98f6-4da0-8bc7-99715818040b"
      },
      {
        "Id": "e725897b-a5bf-44f7-a440-b80f06cdb3b3",
        "FileName": "Pic10.gif",
        "DownloadUri": "./794622/e725897b-a5bf-44f7-a440-b80f06cdb3b3"
      }
    ]
  },
  {
    "Title": "Quick filter items in the ComboBox",
    "Id": "794620",
    "ParentWikiTitle": "Documentation",
    "FileExtension": "html",
    "UpdatedDate": "2013-11-08T23:14:23.8-08:00",
    "FileAttachments": [
      {
        "Id": "00fcecd1-eb02-4a6e-a031-14a1773e11cb",
        "FileName": "Pic8.gif",
        "DownloadUri": "./794620/00fcecd1-eb02-4a6e-a031-14a1773e11cb"
      }
    ]
  },
  {
    "Title": "Filtering collections in a user control",
    "Id": "794615",
    "ParentWikiTitle": "Documentation",
    "FileExtension": "html",
    "UpdatedDate": "2013-11-08T22:47:01.47-08:00",
    "FileAttachments": [
      {
        "Id": "268be844-7807-4e03-9662-da4f3bd0c837",
        "FileName": "Pic7.gif",
        "DownloadUri": "./794615/268be844-7807-4e03-9662-da4f3bd0c837"
      }
    ]
  },
  {
    "Title": "Using the representation of a collection with a filter in several places",
    "Id": "794595",
    "ParentWikiTitle": "Documentation",
    "FileExtension": "html",
    "UpdatedDate": "2013-11-08T22:03:10.237-08:00",
    "FileAttachments": [
      {
        "Id": "2845f6cc-ee3d-469a-a30a-e318e9334ed7",
        "FileName": "Pic6.gif",
        "DownloadUri": "./794595/2845f6cc-ee3d-469a-a30a-e318e9334ed7"
      }
    ]
  },
  {
    "Title": "Tuning the filter view",
    "Id": "794582",
    "ParentWikiTitle": "Documentation",
    "FileExtension": "html",
    "UpdatedDate": "2013-11-08T21:11:18.023-08:00",
    "FileAttachments": [
      {
        "Id": "140c86cd-6e7c-4687-bb0d-678091508fee",
        "FileName": "Pic4.gif",
        "DownloadUri": "./794582/140c86cd-6e7c-4687-bb0d-678091508fee"
      },
      {
        "Id": "f30320fd-07bb-42f0-9ca8-7788f661b462",
        "FileName": "Pic5.gif",
        "DownloadUri": "./794582/f30320fd-07bb-42f0-9ca8-7788f661b462"
      }
    ]
  },
  {
    "Title": "Introduction into DataGrid through style",
    "Id": "794572",
    "ParentWikiTitle": "Documentation",
    "FileExtension": "html",
    "UpdatedDate": "2013-11-08T20:16:42.31-08:00",
    "FileAttachments": []
  },
  {
    "Title": "Using the implemented control FilterDataGrid",
    "Id": "794566",
    "ParentWikiTitle": "Documentation",
    "FileExtension": "html",
    "UpdatedDate": "2013-11-08T20:14:56.06-08:00",
    "FileAttachments": [
      {
        "Id": "12d3add8-9051-4daa-b553-0dcbb6d7b429",
        "FileName": "Pic5_2.gif",
        "DownloadUri": "./794566/12d3add8-9051-4daa-b553-0dcbb6d7b429"
      },
      {
        "Id": "c7e3166b-c3e3-4453-b913-6e720d2dc8fe",
        "FileName": "Pic5_thumb.gif",
        "DownloadUri": "./794566/c7e3166b-c3e3-4453-b913-6e720d2dc8fe"
      },
      {
        "Id": "15b7e1ab-ac8f-4d35-89b0-6f1ef3c45b1b",
        "FileName": "Pic1.gif",
        "DownloadUri": "./808681/1266b58c-e54d-454c-bb90-0e79892f4eaf"
      }
    ]
  },
  {
    "Title": "The use of the control FilterDataGrid",
    "Id": "794553",
    "ParentWikiTitle": "Documentation",
    "FileExtension": "html",
    "UpdatedDate": "2013-11-08T19:43:39.21-08:00",
    "FileAttachments": []
  },
  {
    "Title": "Настройка view для фильтра",
    "Id": "794436",
    "ParentWikiTitle": "Ru",
    "FileExtension": "html",
    "UpdatedDate": "2013-11-08T11:35:37.87-08:00",
    "FileAttachments": [
      {
        "Id": "8d3d7dd0-ab9c-415a-9b5c-1d5ce70dd55a",
        "FileName": "Pic4.gif",
        "DownloadUri": "./794436/8d3d7dd0-ab9c-415a-9b5c-1d5ce70dd55a"
      },
      {
        "Id": "6d56ea06-6092-4390-a31f-5ebab40d0b73",
        "FileName": "Pic5.gif",
        "DownloadUri": "./794436/6d56ea06-6092-4390-a31f-5ebab40d0b73"
      }
    ]
  },
  {
    "Title": "Фильтрация коллекции в пользовательском элементе управления",
    "Id": "794435",
    "ParentWikiTitle": "Ru",
    "FileExtension": "html",
    "UpdatedDate": "2013-11-08T11:31:33.903-08:00",
    "FileAttachments": [
      {
        "Id": "cc1d3ad4-02a5-485a-bdde-55b4472fd47b",
        "FileName": "Pic7.gif",
        "DownloadUri": "./794435/cc1d3ad4-02a5-485a-bdde-55b4472fd47b"
      }
    ]
  },
  {
    "Title": "Использование представления коллекции c фильтром в нескольких местах",
    "Id": "794430",
    "ParentWikiTitle": "Ru",
    "FileExtension": "html",
    "UpdatedDate": "2013-11-08T11:27:47.797-08:00",
    "FileAttachments": [
      {
        "Id": "991cfa21-29fe-4fdf-9b37-8dbf4a7ba0e4",
        "FileName": "Pic6.gif",
        "DownloadUri": "./794430/991cfa21-29fe-4fdf-9b37-8dbf4a7ba0e4"
      }
    ]
  },
  {
    "Title": "Фильтрация элементов в TreeView",
    "Id": "794428",
    "ParentWikiTitle": "Ru",
    "FileExtension": "html",
    "UpdatedDate": "2013-11-08T11:25:22.437-08:00",
    "FileAttachments": [
      {
        "Id": "6d605df3-f3db-48eb-a35f-7316533f17dd",
        "FileName": "Pic9.gif",
        "DownloadUri": "./794428/6d605df3-f3db-48eb-a35f-7316533f17dd"
      },
      {
        "Id": "bda3434a-8f46-450e-b6fe-9aa0a300ec87",
        "FileName": "Pic10.gif",
        "DownloadUri": "./794428/bda3434a-8f46-450e-b6fe-9aa0a300ec87"
      }
    ]
  },
  {
    "Title": "Фильтрация элементов в ComboBox",
    "Id": "794427",
    "ParentWikiTitle": "Ru",
    "FileExtension": "html",
    "UpdatedDate": "2013-11-08T11:23:45.377-08:00",
    "FileAttachments": [
      {
        "Id": "0282dce4-6d8a-4f1d-ada2-16666156309c",
        "FileName": "Pic8.gif",
        "DownloadUri": "./794427/0282dce4-6d8a-4f1d-ada2-16666156309c"
      }
    ]
  },
  {
    "Title": "Home.ru",
    "Id": "794414",
    "ParentWikiTitle": "Home",
    "FileExtension": "html",
    "UpdatedDate": "2013-11-08T11:01:36.107-08:00",
    "FileAttachments": [
      {
        "Id": "29da02a4-9adb-4531-813f-7839c85ad916",
        "FileName": "clip_image002_thumb1_65b8f5b7-e4ff-40c0-8895-8d1eab66aaf4.gif",
        "DownloadUri": "./794414/29da02a4-9adb-4531-813f-7839c85ad916"
      },
      {
        "Id": "37acc84f-6af4-42f1-bbc4-af8cc39683ee",
        "FileName": "Pic1.gif",
        "DownloadUri": "./808681/1266b58c-e54d-454c-bb90-0e79892f4eaf"
      },
      {
        "Id": "0d1d90d4-3e47-4ad7-8a3e-31c8c803b031",
        "FileName": "Pic2.gif",
        "DownloadUri": "./808681/5af92b37-a928-49b4-89e6-33ebda6252c3"
      },
      {
        "Id": "7c430224-2c5d-4e1e-b179-f4d3a8c0269a",
        "FileName": "Pic3.gif",
        "DownloadUri": "./808681/fced713f-acaf-404e-88ff-42257d44b23b"
      }
    ]
  },
  {
    "Title": "Ru",
    "Id": "794413",
    "ParentWikiTitle": "Documentation",
    "FileExtension": "html",
    "UpdatedDate": "2013-11-08T11:00:45.94-08:00",
    "FileAttachments": []
  },
  {
    "Title": "Использование готового элемента управления FilterDataGrid",
    "Id": "794398",
    "ParentWikiTitle": "Ru",
    "FileExtension": "html",
    "UpdatedDate": "2013-11-08T10:37:09.56-08:00",
    "FileAttachments": []
  },
  {
    "Title": "Внедрение в DataGrid через стиль",
    "Id": "794396",
    "ParentWikiTitle": "Ru",
    "FileExtension": "html",
    "UpdatedDate": "2013-11-08T10:31:57.33-08:00",
    "FileAttachments": []
  },
  {
    "Title": "Заключение",
    "Id": "794363",
    "ParentWikiTitle": "Ru",
    "FileExtension": "html",
    "UpdatedDate": "2013-11-08T08:12:38.66-08:00",
    "FileAttachments": []
  },
  {
    "Title": "Finally",
    "Id": "794338",
    "ParentWikiTitle": "Documentation",
    "FileExtension": "html",
    "UpdatedDate": "2013-11-08T07:13:29.607-08:00",
    "FileAttachments": []
  }
]
